id,active,duplicate_of,category,audience,product_family,image_path,tags,roles,quality_flags,source_pdf
"REF-0001","true","","phone_cases_accessories","","phone_case","reference_library/phone_cases_accessories/REF-0001.jpg","accessory|phone_case|handheld|flatlay|cute_product_photo","product_scene|surface_design_layout|handheld_composition|flatlay_composition|lighting","do_not_copy_trademarks_logos_or_copyrighted_characters","008e59f318f68d360bcef2e3f9debe91.pdf"
"REF-0002","true","","apparel_men","adult_men","apparel","reference_library/apparel_men/REF-0002.jpg","fashion|streetwear|editorial|styled_outfit|colored_studio|editorial_lighting","pose|framing|styling|scene|lighting|color_palette|garment_silhouette","","022303fda20c4cf02b37d4255a158ffb.pdf"
"REF-0003","true","","drinkware_ceramic_mugs","","ceramic_mug","reference_library/drinkware_ceramic_mugs/REF-0003.jpg","drinkware|ceramic|cute|cozy|pinterest_product_photo|bedding_scene|soft_textiles","product_shape|surface_decoration|scene|lighting|composition|prop_styling","do_not_copy_trademarks_logos_or_copyrighted_characters","022a176e047a7658fbb076b29ab136f8.pdf"
"REF-0004","true","","apparel_women","adult_women","apparel","reference_library/apparel_women/REF-0004.jpg","fashion|pinterest_ready|editorial|styled_outfit|colored_studio|editorial_lighting","pose|framing|styling|scene|lighting|color_palette|garment_silhouette","","029e456f759a41a75195e7fdf224c693.pdf"
"REF-0005","true","","other_product_lifestyle_scenes","","other_product","reference_library/other_product_lifestyle_scenes/REF-0005.jpg","lifestyle_product|cozy_scene|composition|desk_or_workspace","scene|lighting|composition|prop_styling","","02cda33ec4fa6c059d3a4dc3b9c1dbc4.pdf"
"REF-0008","true","","apparel_men","adult_men","apparel","reference_library/apparel_men/REF-0008.jpg","fashion|streetwear|editorial|styled_outfit|studio_or_catalog","pose|framing|styling|scene|lighting|color_palette|garment_silhouette","","0420c837ad935670476463c6004c9cf4.pdf"
"REF-0009","true","","drinkware_ceramic_mugs","","ceramic_mug","reference_library/drinkware_ceramic_mugs/REF-0009.jpg","drinkware|ceramic|cute|cozy|pinterest_product_photo","product_shape|surface_decoration|scene|lighting|composition|prop_styling","visible_interface_or_marketing_overlay_use_visual_elements_only|do_not_copy_trademarks_logos_or_copyrighted_characters","0457fa9082a3ff8f0dbd130b58b61105.pdf"
"REF-0010","true","","interior_bedroom_workspace_scenes","","scene_only","reference_library/interior_bedroom_workspace_scenes/REF-0010.jpg","cozy_bedroom|workspace|warm_light|soft_neutral|pinterest_interior|bedding_scene|soft_textiles|desk_or_workspace","scene|lighting|palette|prop_styling|background_environment","","04f2881d6e925cfd6e30587582d30581.pdf"
"REF-0011","true","","apparel_men","adult_men","apparel","reference_library/apparel_men/REF-0011.jpg","fashion|streetwear|editorial|styled_outfit|studio_or_catalog","pose|framing|styling|scene|lighting|color_palette|garment_silhouette","","080d7b83b8f6071ad45e7b65b60fd805.pdf"
"REF-0012","true","","apparel_men","adult_men","apparel","reference_library/apparel_men/REF-0012.jpg","fashion|streetwear|editorial|styled_outfit|studio_or_catalog","pose|framing|styling|scene|lighting|color_palette|garment_silhouette","","08c20493906a023f80ba49daa9f230bf.pdf"
"REF-0013","true","","phone_cases_accessories","","phone_case","reference_library/phone_cases_accessories/REF-0013.jpg","accessory|phone_case|handheld|flatlay|cute_product_photo","product_scene|surface_design_layout|handheld_composition|flatlay_composition|lighting","do_not_copy_trademarks_logos_or_copyrighted_characters","0a449257c19ff00ad85bcdd6ef2314a7.pdf"
"REF-0014","true","","apparel_women","adult_women","apparel","reference_library/apparel_women/REF-0014.jpg","fashion|pinterest_ready|editorial|styled_outfit|outdoor|natural_light","pose|framing|styling|scene|lighting|color_palette|garment_silhouette","","0bb2cdef40d0418d9c5f826be22dc3f9.pdf"
"REF-0015","true","","other_product_lifestyle_scenes","","other_product","reference_library/other_product_lifestyle_scenes/REF-0015.jpg","lifestyle_product|cozy_scene|composition","scene|lighting|composition|prop_styling","","0c80d534b0a02241b69294e978b569e7.pdf"
"REF-0016","true","","apparel_women","adult_women","apparel","reference_library/apparel_women/REF-0016.jpg","fashion|pinterest_ready|editorial|styled_outfit|studio_or_catalog","pose|framing|styling|scene|lighting|color_palette|garment_silhouette","","0cc08c928aef7633985c5ebdc5daaf77.pdf"
"REF-0017","true","","drinkware_ceramic_mugs","","ceramic_mug","reference_library/drinkware_ceramic_mugs/REF-0017.jpg","drinkware|ceramic|cute|cozy|pinterest_product_photo|handheld","product_shape|surface_decoration|scene|lighting|composition|prop_styling","do_not_copy_trademarks_logos_or_copyrighted_characters","0e7ce0b709834cf7a43f57be9ea92b11.pdf"
"REF-0018","true","","beauty_hair_makeup_portraits","adult","beauty_reference","reference_library/beauty_hair_makeup_portraits/REF-0018.jpg","beauty|hair|makeup|portrait_lighting|colored_studio|editorial_lighting","hair_style|makeup_direction|portrait_lighting|closeup_framing","","106d32736111ef6bf61d16b9fea5ace5.pdf"
"REF-0019","true","","apparel_children","children","apparel","reference_library/apparel_children/REF-0019.jpg","childrens_apparel|age_appropriate|commercial_catalog|studio_or_catalog","pose|framing|styling|scene|lighting|garment_silhouette","","116c45f9aa2b40b874cb43cb8b2334da.pdf"
"REF-0020","true","","phone_cases_accessories","","phone_case","reference_library/phone_cases_accessories/REF-0020.jpg","accessory|phone_case|handheld|flatlay|cute_product_photo","product_scene|surface_design_layout|handheld_composition|flatlay_composition|lighting","do_not_copy_trademarks_logos_or_copyrighted_characters","1243d8baca132d5901d09c1fa9992bdb.pdf"
"REF-0021","true","","apparel_women","adult_women","apparel","reference_library/apparel_women/REF-0021.jpg","fashion|pinterest_ready|editorial|styled_outfit|studio_or_catalog","pose|framing|styling|scene|lighting|color_palette|garment_silhouette","","1953d42a949970f3989b270ab6ebf2a0.pdf"
"REF-0022","true","","drinkware_ceramic_mugs","","ceramic_mug","reference_library/drinkware_ceramic_mugs/REF-0022.jpg","drinkware|ceramic|cute|cozy|pinterest_product_photo|handheld","product_shape|surface_decoration|scene|lighting|composition|prop_styling","do_not_copy_trademarks_logos_or_copyrighted_characters","199b3033fd10114c3831cfb8dace630e.pdf"
"REF-0023","true","","beauty_hair_makeup_portraits","adult","beauty_reference","reference_library/beauty_hair_makeup_portraits/REF-0023.jpg","beauty|hair|makeup|portrait_lighting|studio_or_catalog","hair_style|makeup_direction|portrait_lighting|closeup_framing","","19a06e5f7d0f177d724e4c8fdfe3c583.pdf"
"REF-0024","true","","apparel_children","children","apparel","reference_library/apparel_children/REF-0024.jpg","childrens_apparel|age_appropriate|commercial_catalog|studio_or_catalog","pose|framing|styling|scene|lighting|garment_silhouette","","1a6e9219ff12cac1471977dfb92979e1.pdf"
"REF-0025","true","","phone_cases_accessories","","phone_case","reference_library/phone_cases_accessories/REF-0025.jpg","accessory|phone_case|handheld|flatlay|cute_product_photo","product_scene|surface_design_layout|handheld_composition|flatlay_composition|lighting","do_not_copy_trademarks_logos_or_copyrighted_characters","1b120e9fb29073caa468eb97459b7435.pdf"
"REF-0027","true","","apparel_women","adult_women","apparel","reference_library/apparel_women/REF-0027.jpg","fashion|pinterest_ready|editorial|styled_outfit|studio_or_catalog","pose|framing|styling|scene|lighting|color_palette|garment_silhouette","","1cac1851613132b02bfab7bcf3af4286.pdf"
"REF-0028","true","","apparel_children","children","apparel","reference_library/apparel_children/REF-0028.jpg","childrens_apparel|age_appropriate|commercial_catalog|studio_or_catalog","pose|framing|styling|scene|lighting|garment_silhouette","","1f5541b9d6f05341fe90f2251ec9c7cc.pdf"
"REF-0029","true","","apparel_women","adult_women","apparel","reference_library/apparel_women/REF-0029.jpg","fashion|pinterest_ready|editorial|styled_outfit|mirror_selfie|casual_lifestyle","pose|framing|styling|scene|lighting|color_palette|garment_silhouette","","21185379e8d735b920b0699cafa8f29a.pdf"
"REF-0030","true","","apparel_women","adult_women","apparel","reference_library/apparel_women/REF-0030.jpg","fashion|pinterest_ready|editorial|styled_outfit|outdoor|natural_light","pose|framing|styling|scene|lighting|color_palette|garment_silhouette","","22485424b384b81bbc8621069837d0d2.pdf"
"REF-0032","true","","apparel_men","adult_men","apparel","reference_library/apparel_men/REF-0032.jpg","fashion|streetwear|editorial|styled_outfit|outdoor|natural_light","pose|framing|styling|scene|lighting|color_palette|garment_silhouette","","25753df2a524c049bb37be7e7ef27f64.pdf"
"REF-0033","true","","apparel_women","adult_women","apparel","reference_library/apparel_women/REF-0033.jpg","fashion|pinterest_ready|editorial|styled_outfit|studio_or_catalog","pose|framing|styling|scene|lighting|color_palette|garment_silhouette","","26a2d35896739f23b7af745614ca1dcf.pdf"
"REF-0034","true","","apparel_men","adult_men","apparel","reference_library/apparel_men/REF-0034.jpg","fashion|streetwear|editorial|styled_outfit|colored_studio|editorial_lighting","pose|framing|styling|scene|lighting|color_palette|garment_silhouette","","2705c78d118aff5f0322cd5da3229ae4.pdf"
"REF-0035","true","","phone_cases_accessories","","phone_case","reference_library/phone_cases_accessories/REF-0035.jpg","accessory|phone_case|handheld|flatlay|cute_product_photo","product_scene|surface_design_layout|handheld_composition|flatlay_composition|lighting","do_not_copy_trademarks_logos_or_copyrighted_characters","27b90bfd32e5b38eea70890a365848fc.pdf"
"REF-0037","true","","apparel_men","adult_men","apparel","reference_library/apparel_men/REF-0037.jpg","fashion|streetwear|editorial|styled_outfit|colored_studio|editorial_lighting","pose|framing|styling|scene|lighting|color_palette|garment_silhouette","","2867f424cf35773c11e34b584781fe93.pdf"
"REF-0038","true","","apparel_children","children","apparel","reference_library/apparel_children/REF-0038.jpg","childrens_apparel|age_appropriate|commercial_catalog|studio_or_catalog","pose|framing|styling|scene|lighting|garment_silhouette","","2991e7fd79f88a4f527acf4ec65d8e88.pdf"
"REF-0041","true","","phone_cases_accessories","","phone_case","reference_library/phone_cases_accessories/REF-0041.jpg","accessory|phone_case|handheld|flatlay|cute_product_photo","product_scene|surface_design_layout|handheld_composition|flatlay_composition|lighting","do_not_copy_trademarks_logos_or_copyrighted_characters","2d8fd475b8f542e48813284c3b782cce.pdf"
"REF-0042","true","","apparel_women","adult_women","apparel","reference_library/apparel_women/REF-0042.jpg","fashion|pinterest_ready|editorial|styled_outfit|studio_or_catalog","pose|framing|styling|scene|lighting|color_palette|garment_silhouette","","2e7ac7b99f42fe15379adcfd195e66a4.pdf"
"REF-0043","true","","apparel_women","adult_women","apparel","reference_library/apparel_women/REF-0043.jpg","fashion|pinterest_ready|editorial|styled_outfit|studio_or_catalog","pose|framing|styling|scene|lighting|color_palette|garment_silhouette","","2f8a299b2ad949b50b982f1fb64570c0.pdf"
"REF-0044","true","","drinkware_ceramic_mugs","","ceramic_mug","reference_library/drinkware_ceramic_mugs/REF-0044.jpg","drinkware|ceramic|cute|cozy|pinterest_product_photo","product_shape|surface_decoration|scene|lighting|composition|prop_styling","do_not_copy_trademarks_logos_or_copyrighted_characters","2feafbe395f53decd94cd7ee93a11350.pdf"
"REF-0045","true","","apparel_women","adult_women","apparel","reference_library/apparel_women/REF-0045.jpg","fashion|pinterest_ready|editorial|styled_outfit|studio_or_catalog","pose|framing|styling|scene|lighting|color_palette|garment_silhouette","","32f323a7e0c35ab1510ea7c98535e455.pdf"
"REF-0046","true","","apparel_women","adult_women","apparel","reference_library/apparel_women/REF-0046.jpg","fashion|pinterest_ready|editorial|styled_outfit|studio_or_catalog","pose|framing|styling|scene|lighting|color_palette|garment_silhouette","","34f190288291e75cddf706ec39fcedcf.pdf"
"REF-0047","true","","apparel_women","adult_women","apparel","reference_library/apparel_women/REF-0047.jpg","fashion|pinterest_ready|editorial|styled_outfit|studio_or_catalog","pose|framing|styling|scene|lighting|color_palette|garment_silhouette","","372725aa0d3e054ea3ef34a945074a15.pdf"
"REF-0048","true","","apparel_men","adult_men","apparel","reference_library/apparel_men/REF-0048.jpg","fashion|streetwear|editorial|styled_outfit|studio_or_catalog","pose|framing|styling|scene|lighting|color_palette|garment_silhouette","","377eaa042cef6ac562609e09d5eccee8.pdf"
"REF-0049","true","","apparel_women","adult_women","apparel","reference_library/apparel_women/REF-0049.jpg","fashion|pinterest_ready|editorial|styled_outfit|studio_or_catalog","pose|framing|styling|scene|lighting|color_palette|garment_silhouette","","379b9091f7fdca9318b89d06f1ca715b.pdf"
"REF-0050","true","","apparel_women","adult_women","apparel","reference_library/apparel_women/REF-0050.jpg","fashion|pinterest_ready|editorial|styled_outfit|studio_or_catalog","pose|framing|styling|scene|lighting|color_palette|garment_silhouette","","3950d044a72ad35b208d105289b7f6f8.pdf"
"REF-0051","true","","apparel_children","children","apparel","reference_library/apparel_children/REF-0051.jpg","childrens_apparel|age_appropriate|commercial_catalog|outdoor|natural_light","pose|framing|styling|scene|lighting|garment_silhouette","","3a87d3c4bfe846b57bce35d463479218.pdf"
"REF-0052","true","","apparel_men","adult_men","apparel","reference_library/apparel_men/REF-0052.jpg","fashion|streetwear|editorial|styled_outfit|studio_or_catalog","pose|framing|styling|scene|lighting|color_palette|garment_silhouette","","3be241f7fe07aed01142b958a00de50e.pdf"
"REF-0053","true","","apparel_men","adult_men","apparel","reference_library/apparel_men/REF-0053.jpg","fashion|streetwear|editorial|styled_outfit|studio_or_catalog","pose|framing|styling|scene|lighting|color_palette|garment_silhouette","","3c367f7c3dac73f666b9483e0899a2dc.pdf"
"REF-0054","true","","apparel_men","adult_men","apparel","reference_library/apparel_men/REF-0054.jpg","fashion|streetwear|editorial|styled_outfit|colored_studio|editorial_lighting","pose|framing|styling|scene|lighting|color_palette|garment_silhouette","","3e4fcc9df7cb20850d8e2a685b6dbdcb.pdf"
"REF-0055","true","","apparel_men","adult_men","apparel","reference_library/apparel_men/REF-0055.jpg","fashion|streetwear|editorial|styled_outfit|colored_studio|editorial_lighting","pose|framing|styling|scene|lighting|color_palette|garment_silhouette","","3e7b594da716c0a88f7babc967840c84.pdf"
"REF-0057","true","","apparel_women","adult_women","apparel","reference_library/apparel_women/REF-0057.jpg","fashion|pinterest_ready|editorial|styled_outfit|studio_or_catalog","pose|framing|styling|scene|lighting|color_palette|garment_silhouette","","4308cd3370ae6ded801de573224bf132.pdf"
"REF-0058","true","","apparel_women","adult_women","apparel","reference_library/apparel_women/REF-0058.jpg","fashion|pinterest_ready|editorial|styled_outfit|studio_or_catalog","pose|framing|styling|scene|lighting|color_palette|garment_silhouette","","43ecc2fbc52f10ce32f27ee5c90effec.pdf"
"REF-0059","true","","beauty_hair_makeup_portraits","adult","beauty_reference","reference_library/beauty_hair_makeup_portraits/REF-0059.jpg","beauty|hair|makeup|portrait_lighting|colored_studio|editorial_lighting","hair_style|makeup_direction|portrait_lighting|closeup_framing","","4455ce22c601d2c949f2d07c09f73223.pdf"
"REF-0060","true","","apparel_men","adult_men","apparel","reference_library/apparel_men/REF-0060.jpg","fashion|streetwear|editorial|styled_outfit|studio_or_catalog","pose|framing|styling|scene|lighting|color_palette|garment_silhouette","","46e46fd80f3d172808aba2ade076dadc (1).pdf"
"REF-0061","false","REF-0060","apparel_men","adult_men","apparel","excluded/duplicates/REF-0061.jpg","fashion|streetwear|editorial|styled_outfit|studio_or_catalog","pose|framing|styling|scene|lighting|color_palette|garment_silhouette","exact_duplicate","46e46fd80f3d172808aba2ade076dadc.pdf"
"REF-0062","true","","apparel_men","adult_men","apparel","reference_library/apparel_men/REF-0062.jpg","fashion|streetwear|editorial|styled_outfit|colored_studio|editorial_lighting","pose|framing|styling|scene|lighting|color_palette|garment_silhouette","","48d2ea038ebacbe603a10a4050c08c09.pdf"
"REF-0063","true","","apparel_women","adult_women","apparel","reference_library/apparel_women/REF-0063.jpg","fashion|pinterest_ready|editorial|styled_outfit|studio_or_catalog","pose|framing|styling|scene|lighting|color_palette|garment_silhouette","","4a021ce1991d1258cf8ad84b2a009bfb.pdf"
"REF-0064","true","","apparel_women","adult_women","apparel","reference_library/apparel_women/REF-0064.jpg","fashion|pinterest_ready|editorial|styled_outfit|studio_or_catalog","pose|framing|styling|scene|lighting|color_palette|garment_silhouette","","4a8d4db17b3b141ae64caa6af81391c4.pdf"
"REF-0065","true","","interior_bedroom_workspace_scenes","","scene_only","reference_library/interior_bedroom_workspace_scenes/REF-0065.jpg","cozy_bedroom|workspace|warm_light|soft_neutral|pinterest_interior|bedding_scene|soft_textiles","scene|lighting|palette|prop_styling|background_environment","","4b882a5c76603486f239e8722d3945e5.pdf"
"REF-0066","true","","beauty_hair_makeup_portraits","adult","beauty_reference","reference_library/beauty_hair_makeup_portraits/REF-0066.jpg","beauty|hair|makeup|portrait_lighting|studio_or_catalog","hair_style|makeup_direction|portrait_lighting|closeup_framing","","4cffabe768f1ab3386e4e277276076d8.pdf"
"REF-0068","true","","apparel_children","children","apparel","reference_library/apparel_children/REF-0068.jpg","childrens_apparel|age_appropriate|commercial_catalog|studio_or_catalog","pose|framing|styling|scene|lighting|garment_silhouette","","4fff768f8054b3e38e6a6e617294cf8b.pdf"
"REF-0069","true","","apparel_women","adult_women","apparel","reference_library/apparel_women/REF-0069.jpg","fashion|pinterest_ready|editorial|styled_outfit|mirror_selfie|casual_lifestyle","pose|framing|styling|scene|lighting|color_palette|garment_silhouette","","51a829cd4b0cea44bfb266b82a102fde.pdf"
"REF-0070","true","","beauty_hair_makeup_portraits","adult","beauty_reference","reference_library/beauty_hair_makeup_portraits/REF-0070.jpg","beauty|hair|makeup|portrait_lighting|studio_or_catalog","hair_style|makeup_direction|portrait_lighting|closeup_framing","","520a5be8caf5302889980925c446756a.pdf"
"REF-0072","true","","phone_cases_accessories","","phone_case","reference_library/phone_cases_accessories/REF-0072.jpg","accessory|phone_case|handheld|flatlay|cute_product_photo","product_scene|surface_design_layout|handheld_composition|flatlay_composition|lighting","do_not_copy_trademarks_logos_or_copyrighted_characters","53075560b27ae69c8546bb88420e9bba.pdf"
"REF-0074","true","","apparel_mannequin_product_only","adult_or_product_only","apparel","reference_library/apparel_mannequin_product_only/REF-0074.jpg","mannequin|product_only|garment_construction|flatlay_or_catalog|studio_or_catalog","product_construction|garment_silhouette|layering|fabric_behavior|color_palette","","54c4f57233cf7a7a10fcb95aa9799248.pdf"
"REF-0076","true","","drinkware_ceramic_mugs","","ceramic_mug","reference_library/drinkware_ceramic_mugs/REF-0076.jpg","drinkware|ceramic|cute|cozy|pinterest_product_photo","product_shape|surface_decoration|scene|lighting|composition|prop_styling","do_not_copy_trademarks_logos_or_copyrighted_characters","56765033deea2de51bd90a555fc2568d.pdf"
"REF-0077","true","","apparel_men","adult_men","apparel","reference_library/apparel_men/REF-0077.jpg","fashion|streetwear|editorial|styled_outfit|colored_studio|editorial_lighting","pose|framing|styling|scene|lighting|color_palette|garment_silhouette","","575af12be6e83b8e3986b0f033992228.pdf"
"REF-0078","true","","apparel_women","adult_women","apparel","reference_library/apparel_women/REF-0078.jpg","fashion|pinterest_ready|editorial|styled_outfit|outdoor|natural_light","pose|framing|styling|scene|lighting|color_palette|garment_silhouette","","57a226fb7f701142a519b8c54f56bc8d.pdf"
"REF-0079","true","","apparel_women","adult_women","apparel","reference_library/apparel_women/REF-0079.jpg","fashion|pinterest_ready|editorial|styled_outfit|mirror_selfie|casual_lifestyle","pose|framing|styling|scene|lighting|color_palette|garment_silhouette","","57ac7bd10c76c3cd8e04e9ec581d4037.pdf"
"REF-0081","true","","drinkware_tumblers_bottles","","tumbler_or_bottle","reference_library/drinkware_tumblers_bottles/REF-0081.jpg","drinkware|glass_or_acrylic|bows|florals|pinterest_product_photo|handheld","product_shape|surface_decoration|scene|lighting|composition|prop_styling","do_not_copy_trademarks_logos_or_copyrighted_characters","5835e7ada642fc3b0083a1e4df19e7af.pdf"
"REF-0082","true","","apparel_men","adult_men","apparel","reference_library/apparel_men/REF-0082.jpg","fashion|streetwear|editorial|styled_outfit|colored_studio|editorial_lighting","pose|framing|styling|scene|lighting|color_palette|garment_silhouette","","5cbf83a76392068b5a5cf4fe5ec49695.pdf"
"REF-0083","true","","apparel_women","adult_women","apparel","reference_library/apparel_women/REF-0083.jpg","fashion|pinterest_ready|editorial|styled_outfit|studio_or_catalog","pose|framing|styling|scene|lighting|color_palette|garment_silhouette","","5d58b6f10062dd7eaf543120a37b44fd.pdf"
"REF-0084","true","","interior_bedroom_workspace_scenes","","scene_only","reference_library/interior_bedroom_workspace_scenes/REF-0084.jpg","cozy_bedroom|workspace|warm_light|soft_neutral|pinterest_interior|bedding_scene|soft_textiles","scene|lighting|palette|prop_styling|background_environment","","5eeacec7b72577e72d51104bf8651ee0.pdf"
"REF-0085","true","","apparel_children","children","apparel","reference_library/apparel_children/REF-0085.jpg","childrens_apparel|age_appropriate|commercial_catalog|studio_or_catalog","pose|framing|styling|scene|lighting|garment_silhouette","","5ef2244477bfc11339bed01c80e2b93c.pdf"
"REF-0086","true","","apparel_women","adult_women","apparel","reference_library/apparel_women/REF-0086.jpg","fashion|pinterest_ready|editorial|styled_outfit|studio_or_catalog","pose|framing|styling|scene|lighting|color_palette|garment_silhouette","","63b32144ce349ebcf4debdd9e37ea680.pdf"
"REF-0087","true","","apparel_women","adult_women","apparel","reference_library/apparel_women/REF-0087.jpg","fashion|pinterest_ready|editorial|styled_outfit|studio_or_catalog","pose|framing|styling|scene|lighting|color_palette|garment_silhouette","","64a7047e6007838d659547430490367b.pdf"
"REF-0088","true","","drinkware_tumblers_bottles","","tumbler_or_bottle","reference_library/drinkware_tumblers_bottles/REF-0088.jpg","drinkware|glass_or_acrylic|bows|florals|pinterest_product_photo|desk_or_workspace","product_shape|surface_decoration|scene|lighting|composition|prop_styling","","6576ed38ea769ab9a705a34552194874.pdf"
"REF-0089","true","","apparel_children","children","apparel","reference_library/apparel_children/REF-0089.jpg","childrens_apparel|age_appropriate|commercial_catalog|outdoor|natural_light","pose|framing|styling|scene|lighting|garment_silhouette","","65820eca0753c61a95087101e2a42d0e.pdf"
"REF-0090","true","","drinkware_ceramic_mugs","","ceramic_mug","reference_library/drinkware_ceramic_mugs/REF-0090.jpg","drinkware|ceramic|cute|cozy|pinterest_product_photo","product_shape|surface_decoration|scene|lighting|composition|prop_styling","do_not_copy_trademarks_logos_or_copyrighted_characters","6869ddecfd254d77ca083815da17ff14.pdf"
"REF-0092","true","","apparel_mannequin_product_only","adult_or_product_only","apparel","reference_library/apparel_mannequin_product_only/REF-0092.jpg","mannequin|product_only|garment_construction|flatlay_or_catalog|studio_or_catalog","product_construction|garment_silhouette|layering|fabric_behavior|color_palette","","6a006cac69af326d0381f00748f4f270.pdf"
"REF-0093","true","","apparel_women","adult_women","apparel","reference_library/apparel_women/REF-0093.jpg","fashion|pinterest_ready|editorial|styled_outfit|studio_or_catalog","pose|framing|styling|scene|lighting|color_palette|garment_silhouette","","6a53eea52d1b8d7d943f2f38b3ba54eb.pdf"
"REF-0094","true","","apparel_mannequin_product_only","adult_or_product_only","apparel","reference_library/apparel_mannequin_product_only/REF-0094.jpg","mannequin|product_only|garment_construction|flatlay_or_catalog|studio_or_catalog","product_construction|garment_silhouette|layering|fabric_behavior|color_palette","","6ad2714bd7186c7e8b8cfa0a2c483ce4.pdf"
"REF-0095","true","","apparel_men","adult_men","apparel","reference_library/apparel_men/REF-0095.jpg","fashion|streetwear|editorial|styled_outfit|studio_or_catalog","pose|framing|styling|scene|lighting|color_palette|garment_silhouette","","6d62283ed95101b15f98ee14b6429720.pdf"
"REF-0096","true","","apparel_men","adult_men","apparel","reference_library/apparel_men/REF-0096.jpg","fashion|streetwear|editorial|styled_outfit|outdoor|natural_light","pose|framing|styling|scene|lighting|color_palette|garment_silhouette","","6ebaf0bbc700f9b1cf0ebc5835522def.pdf"
"REF-0098","true","","drinkware_tumblers_bottles","","tumbler_or_bottle","reference_library/drinkware_tumblers_bottles/REF-0098.jpg","drinkware|glass_or_acrylic|bows|florals|pinterest_product_photo|desk_or_workspace","product_shape|surface_decoration|scene|lighting|composition|prop_styling","do_not_copy_trademarks_logos_or_copyrighted_characters","73749dad128c185713ca6aaf11e6da60.pdf"
"REF-0099","true","","apparel_children","children","apparel","reference_library/apparel_children/REF-0099.jpg","childrens_apparel|age_appropriate|commercial_catalog|studio_or_catalog","pose|framing|styling|scene|lighting|garment_silhouette","","749b724e69596bb8343e36e2faf3b2a2.pdf"
"REF-0100","true","","drinkware_ceramic_mugs","","ceramic_mug","reference_library/drinkware_ceramic_mugs/REF-0100.jpg","drinkware|ceramic|cute|cozy|pinterest_product_photo","product_shape|surface_decoration|scene|lighting|composition|prop_styling","do_not_copy_trademarks_logos_or_copyrighted_characters","7a262bf7a5f7a916638a4a95825efdd1.pdf"
"REF-0101","true","","drinkware_ceramic_mugs","","ceramic_mug","reference_library/drinkware_ceramic_mugs/REF-0101.jpg","drinkware|ceramic|cute|cozy|pinterest_product_photo|bedding_scene|soft_textiles","product_shape|surface_decoration|scene|lighting|composition|prop_styling","do_not_copy_trademarks_logos_or_copyrighted_characters","7b351d7374cbb1484b84a3afecfe0a18.pdf"
"REF-0102","true","","phone_cases_accessories","","phone_case","reference_library/phone_cases_accessories/REF-0102.jpg","accessory|phone_case|handheld|flatlay|cute_product_photo","product_scene|surface_design_layout|handheld_composition|flatlay_composition|lighting","do_not_copy_trademarks_logos_or_copyrighted_characters","7b94a6e6cb9e26332540218e79f8bd89.pdf"
"REF-0103","true","","phone_cases_accessories","","phone_case","reference_library/phone_cases_accessories/REF-0103.jpg","accessory|phone_case|handheld|flatlay|cute_product_photo","product_scene|surface_design_layout|handheld_composition|flatlay_composition|lighting","do_not_copy_trademarks_logos_or_copyrighted_characters","7b95cef62c9b27831a497252229c5d88.pdf"
"REF-0104","true","","apparel_men","adult_men","apparel","reference_library/apparel_men/REF-0104.jpg","fashion|streetwear|editorial|styled_outfit|studio_or_catalog","pose|framing|styling|scene|lighting|color_palette|garment_silhouette","","7bab9420a5a872735b6a2b5fba24899a.pdf"
"REF-0105","true","","phone_cases_accessories","","phone_case","reference_library/phone_cases_accessories/REF-0105.jpg","accessory|phone_case|handheld|flatlay|cute_product_photo","product_scene|surface_design_layout|handheld_composition|flatlay_composition|lighting","do_not_copy_trademarks_logos_or_copyrighted_characters","7bdf296d774c6472a14afff3a891014a.pdf"
"REF-0106","true","","drinkware_tumblers_bottles","","tumbler_or_bottle","reference_library/drinkware_tumblers_bottles/REF-0106.jpg","drinkware|glass_or_acrylic|bows|florals|pinterest_product_photo|handheld","product_shape|surface_decoration|scene|lighting|composition|prop_styling","do_not_copy_trademarks_logos_or_copyrighted_characters","7bdfefd63062bb5b09729df5b1b0d80e.pdf"
"REF-0107","true","","interior_bedroom_workspace_scenes","","scene_only","reference_library/interior_bedroom_workspace_scenes/REF-0107.jpg","cozy_bedroom|workspace|warm_light|soft_neutral|pinterest_interior|bedding_scene|soft_textiles","scene|lighting|palette|prop_styling|background_environment","","8099e8218d63fbdcaee4f718b98c6049.pdf"
"REF-0108","true","","apparel_women","adult_women","apparel","reference_library/apparel_women/REF-0108.jpg","fashion|pinterest_ready|editorial|styled_outfit|colored_studio|editorial_lighting","pose|framing|styling|scene|lighting|color_palette|garment_silhouette","","817757a88b44f1ecfe0235fc798a154d.pdf"
"REF-0109","true","","apparel_mannequin_product_only","adult_or_product_only","apparel","reference_library/apparel_mannequin_product_only/REF-0109.jpg","mannequin|product_only|garment_construction|flatlay_or_catalog|studio_or_catalog","product_construction|garment_silhouette|layering|fabric_behavior|color_palette","","8281499010cd0eb0c3fa09d3165ff19f.pdf"
"REF-0110","true","","apparel_women","adult_women","apparel","reference_library/apparel_women/REF-0110.jpg","fashion|pinterest_ready|editorial|styled_outfit|studio_or_catalog","pose|framing|styling|scene|lighting|color_palette|garment_silhouette","","84ae663bf3efb2aabebed077844aac50.pdf"
"REF-0111","true","","apparel_women","adult_women","apparel","reference_library/apparel_women/REF-0111.jpg","fashion|pinterest_ready|editorial|styled_outfit|studio_or_catalog","pose|framing|styling|scene|lighting|color_palette|garment_silhouette","","85ebdabe91182f2ba6dcfb920a3e6eea.pdf"
"REF-0112","true","","apparel_women","adult_women","apparel","reference_library/apparel_women/REF-0112.jpg","fashion|pinterest_ready|editorial|styled_outfit|colored_studio|editorial_lighting|runway|high_fashion","pose|framing|styling|scene|lighting|color_palette|garment_silhouette","","86107682018420be4a1d9b7c7b82ca7e.pdf"
"REF-0113","true","","drinkware_tumblers_bottles","","tumbler_or_bottle","reference_library/drinkware_tumblers_bottles/REF-0113.jpg","drinkware|glass_or_acrylic|bows|florals|pinterest_product_photo|handheld","product_shape|surface_decoration|scene|lighting|composition|prop_styling","do_not_copy_trademarks_logos_or_copyrighted_characters","89747dac87898f81d6dcb5d14346b032.pdf"
"REF-0114","true","","apparel_women","adult_women","apparel","reference_library/apparel_women/REF-0114.jpg","fashion|pinterest_ready|editorial|styled_outfit|mirror_selfie|casual_lifestyle","pose|framing|styling|scene|lighting|color_palette|garment_silhouette","","89a63bf7a8898f899801cb556e469ed5.pdf"
"REF-0115","true","","apparel_mannequin_product_only","adult_or_product_only","apparel","reference_library/apparel_mannequin_product_only/REF-0115.jpg","mannequin|product_only|garment_construction|flatlay_or_catalog|studio_or_catalog","product_construction|garment_silhouette|layering|fabric_behavior|color_palette","","8a1e870e788d20ae258777b5713c3495.pdf"
"REF-0116","true","","phone_cases_accessories","","phone_case","reference_library/phone_cases_accessories/REF-0116.jpg","accessory|phone_case|handheld|flatlay|cute_product_photo","product_scene|surface_design_layout|handheld_composition|flatlay_composition|lighting","do_not_copy_trademarks_logos_or_copyrighted_characters","8ecef6696167979d3a3f5a4ffad492ed.pdf"
"REF-0117","true","","apparel_men","adult_men","apparel","reference_library/apparel_men/REF-0117.jpg","fashion|streetwear|editorial|styled_outfit|studio_or_catalog","pose|framing|styling|scene|lighting|color_palette|garment_silhouette","","8ed997ae5d08eb479fa1ae955355d6a7.pdf"
"REF-0118","true","","drinkware_tumblers_bottles","","tumbler_or_bottle","reference_library/drinkware_tumblers_bottles/REF-0118.jpg","drinkware|glass_or_acrylic|bows|florals|pinterest_product_photo|bedding_scene|soft_textiles","product_shape|surface_decoration|scene|lighting|composition|prop_styling","do_not_copy_trademarks_logos_or_copyrighted_characters","8ee03c2138a83e0ace83bfd902ca947a.pdf"
"REF-0119","true","","apparel_men","adult_men","apparel","reference_library/apparel_men/REF-0119.jpg","fashion|streetwear|editorial|styled_outfit|studio_or_catalog","pose|framing|styling|scene|lighting|color_palette|garment_silhouette","","9008af5ab2c1a6a30a469b1913595c7a.pdf"
"REF-0121","true","","apparel_women","adult_women","apparel","reference_library/apparel_women/REF-0121.jpg","fashion|pinterest_ready|editorial|styled_outfit|studio_or_catalog","pose|framing|styling|scene|lighting|color_palette|garment_silhouette","","919275d76b3009f20f43ffcd91ef95ca.pdf"
"REF-0122","true","","beauty_hair_makeup_portraits","adult","beauty_reference","reference_library/beauty_hair_makeup_portraits/REF-0122.jpg","beauty|hair|makeup|portrait_lighting|colored_studio|editorial_lighting","hair_style|makeup_direction|portrait_lighting|closeup_framing","","93ee206cff44878b39637ab57ab5492a.pdf"
"REF-0123","true","","apparel_women","adult_women","apparel","reference_library/apparel_women/REF-0123.jpg","fashion|pinterest_ready|editorial|styled_outfit|studio_or_catalog","pose|framing|styling|scene|lighting|color_palette|garment_silhouette","","952f433a5a42f90865697b7eab297676.pdf"
"REF-0124","true","","drinkware_tumblers_bottles","","tumbler_or_bottle","reference_library/drinkware_tumblers_bottles/REF-0124.jpg","drinkware|glass_or_acrylic|bows|florals|pinterest_product_photo","product_shape|surface_decoration|scene|lighting|composition|prop_styling","do_not_copy_trademarks_logos_or_copyrighted_characters","954195d86645a6ef0ecfab571e3540fe.pdf"
"REF-0125","true","","apparel_men","adult_men","apparel","reference_library/apparel_men/REF-0125.jpg","fashion|streetwear|editorial|styled_outfit|studio_or_catalog","pose|framing|styling|scene|lighting|color_palette|garment_silhouette","","9676438405f7e7528c3d4635ab94f957.pdf"
"REF-0126","true","","apparel_men","adult_men","apparel","reference_library/apparel_men/REF-0126.jpg","fashion|streetwear|editorial|styled_outfit|colored_studio|editorial_lighting","pose|framing|styling|scene|lighting|color_palette|garment_silhouette","","973ecfa557a4918d936d3109e30c2b03.pdf"
"REF-0127","true","","apparel_men","adult_men","apparel","reference_library/apparel_men/REF-0127.jpg","fashion|streetwear|editorial|styled_outfit|colored_studio|editorial_lighting","pose|framing|styling|scene|lighting|color_palette|garment_silhouette","","992a2157b16b849c0c2f8e5837c9179b.pdf"
"REF-0129","true","","apparel_men","adult_men","apparel","reference_library/apparel_men/REF-0129.jpg","fashion|streetwear|editorial|styled_outfit|studio_or_catalog","pose|framing|styling|scene|lighting|color_palette|garment_silhouette","","9c508c9ab02ac37f814733856523bf91.pdf"
"REF-0130","true","","apparel_mannequin_product_only","adult_or_product_only","apparel","reference_library/apparel_mannequin_product_only/REF-0130.jpg","mannequin|product_only|garment_construction|flatlay_or_catalog|studio_or_catalog","product_construction|garment_silhouette|layering|fabric_behavior|color_palette","","Screenshot_20260716_093333_Pinterest.pdf"
"REF-0131","true","","apparel_women","adult_women","apparel","reference_library/apparel_women/REF-0131.jpg","fashion|pinterest_ready|editorial|styled_outfit|studio_or_catalog","pose|framing|styling|scene|lighting|color_palette|garment_silhouette","","Screenshot_20260716_093521_Pinterest.pdf"
"REF-0132","true","","apparel_mannequin_product_only","adult_or_product_only","apparel","reference_library/apparel_mannequin_product_only/REF-0132.jpg","mannequin|product_only|garment_construction|flatlay_or_catalog|studio_or_catalog","product_construction|garment_silhouette|layering|fabric_behavior|color_palette","","Screenshot_20260716_093544_Pinterest.pdf"
"REF-0133","false","","excluded_interface_screenshots","","excluded","excluded/interface/REF-0133.jpg","","","visible_interface_or_marketing_overlay_use_visual_elements_only|excluded_pinterest_interface_screenshot","Screenshot_20260716_093659_Pinterest.pdf"
"REF-0134","true","","apparel_women","adult_women","apparel","reference_library/apparel_women/REF-0134.jpg","fashion|pinterest_ready|editorial|styled_outfit|studio_or_catalog","pose|framing|styling|scene|lighting|color_palette|garment_silhouette","","Screenshot_20260716_093714_Pinterest.pdf"
"REF-0135","true","","apparel_women","adult_women","apparel","reference_library/apparel_women/REF-0135.jpg","fashion|pinterest_ready|editorial|styled_outfit|studio_or_catalog","pose|framing|styling|scene|lighting|color_palette|garment_silhouette","","Screenshot_20260716_093747_Pinterest.pdf"
"REF-0136","true","","apparel_women","adult_women","apparel","reference_library/apparel_women/REF-0136.jpg","fashion|pinterest_ready|editorial|styled_outfit|studio_or_catalog","pose|framing|styling|scene|lighting|color_palette|garment_silhouette","","Screenshot_20260716_093805_Pinterest.pdf"
"REF-0137","true","","apparel_women","adult_women","apparel","reference_library/apparel_women/REF-0137.jpg","fashion|pinterest_ready|editorial|styled_outfit|outdoor|natural_light","pose|framing|styling|scene|lighting|color_palette|garment_silhouette","","Screenshot_20260716_093828_Chrome.pdf"
"REF-0138","true","","apparel_women","adult_women","apparel","reference_library/apparel_women/REF-0138.jpg","fashion|pinterest_ready|editorial|styled_outfit|studio_or_catalog","pose|framing|styling|scene|lighting|color_palette|garment_silhouette","","Screenshot_20260716_093844_Chrome.pdf"
"REF-0139","true","","apparel_mannequin_product_only","adult_or_product_only","apparel","reference_library/apparel_mannequin_product_only/REF-0139.jpg","mannequin|product_only|garment_construction|flatlay_or_catalog|studio_or_catalog","product_construction|garment_silhouette|layering|fabric_behavior|color_palette","visible_interface_or_marketing_overlay_use_visual_elements_only","Screenshot_20260716_094635_Pinterest.pdf"
"REF-0140","true","","apparel_men","adult_men","apparel","reference_library/apparel_men/REF-0140.jpg","fashion|streetwear|editorial|styled_outfit|studio_or_catalog","pose|framing|styling|scene|lighting|color_palette|garment_silhouette","","Screenshot_20260716_094721_Pinterest.pdf"
"REF-0141","true","","apparel_women","adult_women","apparel","reference_library/apparel_women/REF-0141.jpg","fashion|pinterest_ready|editorial|styled_outfit|studio_or_catalog","pose|framing|styling|scene|lighting|color_palette|garment_silhouette","","Screenshot_20260716_095353_Pinterest.pdf"
"REF-0142","true","","apparel_women","adult_women","apparel","reference_library/apparel_women/REF-0142.jpg","fashion|pinterest_ready|editorial|styled_outfit|outdoor|natural_light","pose|framing|styling|scene|lighting|color_palette|garment_silhouette","","Screenshot_20260716_095409_Pinterest.pdf"
"REF-0143","true","","apparel_mannequin_product_only","adult_or_product_only","apparel","reference_library/apparel_mannequin_product_only/REF-0143.jpg","mannequin|product_only|garment_construction|flatlay_or_catalog|studio_or_catalog","product_construction|garment_silhouette|layering|fabric_behavior|color_palette","visible_interface_or_marketing_overlay_use_visual_elements_only","Screenshot_20260716_095558_Pinterest.pdf"
"REF-0144","true","","apparel_mannequin_product_only","adult_or_product_only","apparel","reference_library/apparel_mannequin_product_only/REF-0144.jpg","mannequin|product_only|garment_construction|flatlay_or_catalog|studio_or_catalog","product_construction|garment_silhouette|layering|fabric_behavior|color_palette","","Screenshot_20260716_095651_Pinterest.pdf"
"REF-0145","true","","apparel_mannequin_product_only","adult_or_product_only","apparel","reference_library/apparel_mannequin_product_only/REF-0145.jpg","mannequin|product_only|garment_construction|flatlay_or_catalog|studio_or_catalog","product_construction|garment_silhouette|layering|fabric_behavior|color_palette","visible_interface_or_marketing_overlay_use_visual_elements_only","Screenshot_20260716_095720_Pinterest.pdf"
"REF-0146","true","","apparel_women","adult_women","apparel","reference_library/apparel_women/REF-0146.jpg","fashion|pinterest_ready|editorial|styled_outfit|studio_or_catalog","pose|framing|styling|scene|lighting|color_palette|garment_silhouette","","Screenshot_20260716_095918_Pinterest.pdf"
"REF-0148","true","","phone_cases_accessories","","phone_case","reference_library/phone_cases_accessories/REF-0148.jpg","accessory|phone_case|handheld|flatlay|cute_product_photo","product_scene|surface_design_layout|handheld_composition|flatlay_composition|lighting","do_not_copy_trademarks_logos_or_copyrighted_characters","Screenshot_20260716_101033_Pinterest.pdf"
"REF-0151","true","","interior_bedroom_workspace_scenes","","scene_only","reference_library/interior_bedroom_workspace_scenes/REF-0151.jpg","cozy_bedroom|workspace|warm_light|soft_neutral|pinterest_interior|bedding_scene|soft_textiles","scene|lighting|palette|prop_styling|background_environment","","a2c9d19c30ed63a79e829f9ecf43c89b.pdf"
"REF-0152","true","","drinkware_tumblers_bottles","","tumbler_or_bottle","reference_library/drinkware_tumblers_bottles/REF-0152.jpg","drinkware|glass_or_acrylic|bows|florals|pinterest_product_photo|bedding_scene|soft_textiles","product_shape|surface_decoration|scene|lighting|composition|prop_styling","do_not_copy_trademarks_logos_or_copyrighted_characters","a3561956ba7a7c129c9f41ded75d1623.pdf"
"REF-0156","true","","drinkware_tumblers_bottles","","tumbler_or_bottle","reference_library/drinkware_tumblers_bottles/REF-0156.jpg","drinkware|glass_or_acrylic|bows|florals|pinterest_product_photo|handheld","product_shape|surface_decoration|scene|lighting|composition|prop_styling","do_not_copy_trademarks_logos_or_copyrighted_characters","a8f46b0276d5d9a296603d4e267ad9f7.pdf"
"REF-0157","true","","apparel_men","adult_men","apparel","reference_library/apparel_men/REF-0157.jpg","fashion|streetwear|editorial|styled_outfit|colored_studio|editorial_lighting","pose|framing|styling|scene|lighting|color_palette|garment_silhouette","","ab89561ae85257550066000783e1a0ae.pdf"
"REF-0158","true","","apparel_children","children","apparel","reference_library/apparel_children/REF-0158.jpg","childrens_apparel|age_appropriate|commercial_catalog|studio_or_catalog","pose|framing|styling|scene|lighting|garment_silhouette","","b1576e8869a7cdeb46271d36470bb4fe.pdf"
"REF-0159","true","","drinkware_tumblers_bottles","","tumbler_or_bottle","reference_library/drinkware_tumblers_bottles/REF-0159.jpg","drinkware|glass_or_acrylic|bows|florals|pinterest_product_photo|handheld","product_shape|surface_decoration|scene|lighting|composition|prop_styling","do_not_copy_trademarks_logos_or_copyrighted_characters","b2f5577405cd727a23ee4faa98c30833.pdf"
"REF-0160","true","","apparel_women","adult_women","apparel","reference_library/apparel_women/REF-0160.jpg","fashion|pinterest_ready|editorial|styled_outfit|studio_or_catalog","pose|framing|styling|scene|lighting|color_palette|garment_silhouette","","b50dd0feb92519a02d056e01f178b265.pdf"
"REF-0162","true","","phone_cases_accessories","","phone_case","reference_library/phone_cases_accessories/REF-0162.jpg","accessory|phone_case|handheld|flatlay|cute_product_photo","product_scene|surface_design_layout|handheld_composition|flatlay_composition|lighting","do_not_copy_trademarks_logos_or_copyrighted_characters","b5ee09bd72a2d6b905591aaff725b7d0.pdf"
"REF-0163","true","","apparel_women","adult_women","apparel","reference_library/apparel_women/REF-0163.jpg","fashion|pinterest_ready|editorial|styled_outfit|colored_studio|editorial_lighting|runway|high_fashion","pose|framing|styling|scene|lighting|color_palette|garment_silhouette","","b7a2a66cc0254a11e35c0188a5e6bea2.pdf"
"REF-0164","true","","interior_bedroom_workspace_scenes","","scene_only","reference_library/interior_bedroom_workspace_scenes/REF-0164.jpg","cozy_bedroom|workspace|warm_light|soft_neutral|pinterest_interior|bedding_scene|soft_textiles","scene|lighting|palette|prop_styling|background_environment","","b8c6b2e0b5e7f91b2ff06a8407229eb5.pdf"
"REF-0166","true","","interior_bedroom_workspace_scenes","","scene_only","reference_library/interior_bedroom_workspace_scenes/REF-0166.jpg","cozy_bedroom|workspace|warm_light|soft_neutral|pinterest_interior|bedding_scene|soft_textiles","scene|lighting|palette|prop_styling|background_environment","","bac6ed17bc346f49a86319c1cb66f91a.pdf"
"REF-0167","true","","apparel_children","children","apparel","reference_library/apparel_children/REF-0167.jpg","childrens_apparel|age_appropriate|commercial_catalog|studio_or_catalog","pose|framing|styling|scene|lighting|garment_silhouette","","bff0ab3729f8116ad1361a0011175983.pdf"
"REF-0168","true","","beauty_hair_makeup_portraits","adult","beauty_reference","reference_library/beauty_hair_makeup_portraits/REF-0168.jpg","beauty|hair|makeup|portrait_lighting|studio_or_catalog","hair_style|makeup_direction|portrait_lighting|closeup_framing","","c017f9a136d8f4346b840edadbf9f589.pdf"
"REF-0169","true","","apparel_men","adult_men","apparel","reference_library/apparel_men/REF-0169.jpg","fashion|streetwear|editorial|styled_outfit|colored_studio|editorial_lighting","pose|framing|styling|scene|lighting|color_palette|garment_silhouette","","c02bcc186f4806f3de319c6bcadce098.pdf"
"REF-0170","true","","drinkware_ceramic_mugs","","ceramic_mug","reference_library/drinkware_ceramic_mugs/REF-0170.jpg","drinkware|ceramic|cute|cozy|pinterest_product_photo|bedding_scene|soft_textiles","product_shape|surface_decoration|scene|lighting|composition|prop_styling","do_not_copy_trademarks_logos_or_copyrighted_characters","c0b379cea55b222974eb201143f2b8c8.pdf"
"REF-0171","true","","apparel_women","adult_women","apparel","reference_library/apparel_women/REF-0171.jpg","fashion|pinterest_ready|editorial|styled_outfit|outdoor|natural_light","pose|framing|styling|scene|lighting|color_palette|garment_silhouette","","c13f158b7bfb98e1da239ac86c40d388.pdf"
"REF-0172","true","","apparel_men","adult_men","apparel","reference_library/apparel_men/REF-0172.jpg","fashion|streetwear|editorial|styled_outfit|outdoor|natural_light","pose|framing|styling|scene|lighting|color_palette|garment_silhouette","","c1c4d42ba08879becfb48a15bf0cb960.pdf"
"REF-0174","true","","apparel_men","adult_men","apparel","reference_library/apparel_men/REF-0174.jpg","fashion|streetwear|editorial|styled_outfit|colored_studio|editorial_lighting","pose|framing|styling|scene|lighting|color_palette|garment_silhouette","","c455b865ce601ab2c0659562371eda8c.pdf"
"REF-0175","true","","apparel_men","adult_men","apparel","reference_library/apparel_men/REF-0175.jpg","fashion|streetwear|editorial|styled_outfit|studio_or_catalog","pose|framing|styling|scene|lighting|color_palette|garment_silhouette","","c49ff06dc9dcea95f28a98fce98c45a9.pdf"
"REF-0176","true","","apparel_mannequin_product_only","adult_or_product_only","apparel","reference_library/apparel_mannequin_product_only/REF-0176.jpg","mannequin|product_only|garment_construction|flatlay_or_catalog|studio_or_catalog","product_construction|garment_silhouette|layering|fabric_behavior|color_palette","","c771e68af4123176ca412f7d8ad34243 (1).pdf"
"REF-0178","true","","apparel_women","adult_women","apparel","reference_library/apparel_women/REF-0178.jpg","fashion|pinterest_ready|editorial|styled_outfit|studio_or_catalog","pose|framing|styling|scene|lighting|color_palette|garment_silhouette","","cc6ef3bb40fbea84b1a696e72fc83c25.pdf"
"REF-0179","true","","apparel_men","adult_men","apparel","reference_library/apparel_men/REF-0179.jpg","fashion|streetwear|editorial|styled_outfit|colored_studio|editorial_lighting","pose|framing|styling|scene|lighting|color_palette|garment_silhouette","","ce52409988616a7bbc7740e7ff901775.pdf"
"REF-0180","true","","apparel_men","adult_men","apparel","reference_library/apparel_men/REF-0180.jpg","fashion|streetwear|editorial|styled_outfit|colored_studio|editorial_lighting","pose|framing|styling|scene|lighting|color_palette|garment_silhouette","","cf7ad23bdbb90e23862cc350a14c4e2b.pdf"
"REF-0181","true","","apparel_men","adult_men","apparel","reference_library/apparel_men/REF-0181.jpg","fashion|streetwear|editorial|styled_outfit|outdoor|natural_light","pose|framing|styling|scene|lighting|color_palette|garment_silhouette","","d04b18933d4fde1c2a46f26b0375ed93.pdf"
"REF-0182","true","","apparel_men","adult_men","apparel","reference_library/apparel_men/REF-0182.jpg","fashion|streetwear|editorial|styled_outfit|studio_or_catalog","pose|framing|styling|scene|lighting|color_palette|garment_silhouette","","d0a1bf8b69f70e7c0b0c93fd62e6b102.pdf"
"REF-0183","true","","drinkware_tumblers_bottles","","tumbler_or_bottle","reference_library/drinkware_tumblers_bottles/REF-0183.jpg","drinkware|glass_or_acrylic|bows|florals|pinterest_product_photo|desk_or_workspace","product_shape|surface_decoration|scene|lighting|composition|prop_styling","do_not_copy_trademarks_logos_or_copyrighted_characters","d2853082942740752b5ae89e0228b8e7.pdf"
"REF-0184","true","","apparel_mannequin_product_only","adult_or_product_only","apparel","reference_library/apparel_mannequin_product_only/REF-0184.jpg","mannequin|product_only|garment_construction|flatlay_or_catalog|studio_or_catalog","product_construction|garment_silhouette|layering|fabric_behavior|color_palette","","d2e8edac4d836e8a4f57883dea0af1ba.pdf"
"REF-0186","true","","apparel_women","adult_women","apparel","reference_library/apparel_women/REF-0186.jpg","fashion|pinterest_ready|editorial|styled_outfit|colored_studio|editorial_lighting","pose|framing|styling|scene|lighting|color_palette|garment_silhouette","","d452a415cb0353aae936c684c66fa18e.pdf"
"REF-0187","true","","drinkware_ceramic_mugs","","ceramic_mug","reference_library/drinkware_ceramic_mugs/REF-0187.jpg","drinkware|ceramic|cute|cozy|pinterest_product_photo","product_shape|surface_decoration|scene|lighting|composition|prop_styling","do_not_copy_trademarks_logos_or_copyrighted_characters","d4c2f6cb0427ab666a1f065d7c685e48.pdf"
"REF-0188","true","","apparel_women","adult_women","apparel","reference_library/apparel_women/REF-0188.jpg","fashion|pinterest_ready|editorial|styled_outfit|mirror_selfie|casual_lifestyle","pose|framing|styling|scene|lighting|color_palette|garment_silhouette","","d4d7a482b58e74755302c070d353fb20.pdf"
"REF-0189","true","","apparel_women","adult_women","apparel","reference_library/apparel_women/REF-0189.jpg","fashion|pinterest_ready|editorial|styled_outfit|studio_or_catalog","pose|framing|styling|scene|lighting|color_palette|garment_silhouette","","d50f97f71b8b3ca46de929abcd26f208.pdf"
"REF-0190","true","","apparel_men","adult_men","apparel","reference_library/apparel_men/REF-0190.jpg","fashion|streetwear|editorial|styled_outfit|studio_or_catalog|desk_or_workspace","pose|framing|styling|scene|lighting|color_palette|garment_silhouette","","d5dae283fc0596529940857453a8b4cb.pdf"
"REF-0191","true","","drinkware_tumblers_bottles","","tumbler_or_bottle","reference_library/drinkware_tumblers_bottles/REF-0191.jpg","drinkware|glass_or_acrylic|bows|florals|pinterest_product_photo","product_shape|surface_decoration|scene|lighting|composition|prop_styling","do_not_copy_trademarks_logos_or_copyrighted_characters","d610c0285b8e1c88ba427471e6cf5683.pdf"
"REF-0192","true","","apparel_women","adult_women","apparel","reference_library/apparel_women/REF-0192.jpg","fashion|pinterest_ready|editorial|styled_outfit|studio_or_catalog","pose|framing|styling|scene|lighting|color_palette|garment_silhouette","","d6a2df392615803ed502e36d1d063501.pdf"
"REF-0193","true","","drinkware_tumblers_bottles","","tumbler_or_bottle","reference_library/drinkware_tumblers_bottles/REF-0193.jpg","drinkware|glass_or_acrylic|bows|florals|pinterest_product_photo","product_shape|surface_decoration|scene|lighting|composition|prop_styling","do_not_copy_trademarks_logos_or_copyrighted_characters","d7a6a37eaf313c15967ead6a06035a13.pdf"
"REF-0194","true","","phone_cases_accessories","","phone_case","reference_library/phone_cases_accessories/REF-0194.jpg","accessory|phone_case|handheld|flatlay|cute_product_photo","product_scene|surface_design_layout|handheld_composition|flatlay_composition|lighting","do_not_copy_trademarks_logos_or_copyrighted_characters","da40289a3954ea510265c722f95a476e.pdf"
"REF-0195","true","","drinkware_ceramic_mugs","","ceramic_mug","reference_library/drinkware_ceramic_mugs/REF-0195.jpg","drinkware|ceramic|cute|cozy|pinterest_product_photo","product_shape|surface_decoration|scene|lighting|composition|prop_styling","do_not_copy_trademarks_logos_or_copyrighted_characters","dcbe50077031622e14a3775379cf9c8a.pdf"
"REF-0196","true","","interior_bedroom_workspace_scenes","","scene_only","reference_library/interior_bedroom_workspace_scenes/REF-0196.jpg","cozy_bedroom|workspace|warm_light|soft_neutral|pinterest_interior|bedding_scene|soft_textiles","scene|lighting|palette|prop_styling|background_environment","","e0d5bb25f2ac228e192c037c14e1cea9.pdf"
"REF-0197","true","","apparel_mannequin_product_only","adult_or_product_only","apparel","reference_library/apparel_mannequin_product_only/REF-0197.jpg","mannequin|product_only|garment_construction|flatlay_or_catalog|studio_or_catalog","product_construction|garment_silhouette|layering|fabric_behavior|color_palette","","e1c93d957e485d83ac735e556debd223.pdf"
"REF-0198","true","","apparel_mannequin_product_only","adult_or_product_only","apparel","reference_library/apparel_mannequin_product_only/REF-0198.jpg","mannequin|product_only|garment_construction|flatlay_or_catalog|studio_or_catalog","product_construction|garment_silhouette|layering|fabric_behavior|color_palette","","e239ea023bc357929430244adde98e45.pdf"
"REF-0199","true","","apparel_men","adult_men","apparel","reference_library/apparel_men/REF-0199.jpg","fashion|streetwear|editorial|styled_outfit|colored_studio|editorial_lighting","pose|framing|styling|scene|lighting|color_palette|garment_silhouette","","e4a1a054eb105d1348ba649f2f9b8e09.pdf"
"REF-0200","true","","drinkware_tumblers_bottles","","tumbler_or_bottle","reference_library/drinkware_tumblers_bottles/REF-0200.jpg","drinkware|glass_or_acrylic|bows|florals|pinterest_product_photo|bedding_scene|soft_textiles","product_shape|surface_decoration|scene|lighting|composition|prop_styling","do_not_copy_trademarks_logos_or_copyrighted_characters","e5ba931a53c8c9449e7124c600e3ddbb.pdf"
"REF-0201","true","","interior_bedroom_workspace_scenes","","scene_only","reference_library/interior_bedroom_workspace_scenes/REF-0201.jpg","cozy_bedroom|workspace|warm_light|soft_neutral|pinterest_interior|bedding_scene|soft_textiles","scene|lighting|palette|prop_styling|background_environment","","e605fd9fd97c49bc429e39926dea8827.pdf"
"REF-0204","true","","phone_cases_accessories","","phone_case","reference_library/phone_cases_accessories/REF-0204.jpg","accessory|phone_case|handheld|flatlay|cute_product_photo","product_scene|surface_design_layout|handheld_composition|flatlay_composition|lighting","do_not_copy_trademarks_logos_or_copyrighted_characters","eb5d7445dbc2c2b23175ccfe447b9174.pdf"
"REF-0205","true","","apparel_men","adult_men","apparel","reference_library/apparel_men/REF-0205.jpg","fashion|streetwear|editorial|styled_outfit|colored_studio|editorial_lighting","pose|framing|styling|scene|lighting|color_palette|garment_silhouette","","ecc6251729113be40b2bdd049ba513b8.pdf"
"REF-0206","true","","apparel_women","adult_women","apparel","reference_library/apparel_women/REF-0206.jpg","fashion|pinterest_ready|editorial|styled_outfit|studio_or_catalog","pose|framing|styling|scene|lighting|color_palette|garment_silhouette","","eeb37be58fb4d0cf3c4b3e2b53b80a40.pdf"
"REF-0207","true","","apparel_women","adult_women","apparel","reference_library/apparel_women/REF-0207.jpg","fashion|pinterest_ready|editorial|styled_outfit|studio_or_catalog","pose|framing|styling|scene|lighting|color_palette|garment_silhouette","","eed8092e31f16ec4db04624cdb792318.pdf"
"REF-0208","true","","apparel_women","adult_women","apparel","reference_library/apparel_women/REF-0208.jpg","fashion|pinterest_ready|editorial|styled_outfit|outdoor|natural_light","pose|framing|styling|scene|lighting|color_palette|garment_silhouette","","f18a03bd398d6bf792140f3690f0a7d6.pdf"
"REF-0209","true","","apparel_women","adult_women","apparel","reference_library/apparel_women/REF-0209.jpg","fashion|pinterest_ready|editorial|styled_outfit|studio_or_catalog","pose|framing|styling|scene|lighting|color_palette|garment_silhouette","","f25893069bf7c9aa0ff8bf4c069fd441.pdf"
"REF-0211","true","","apparel_men","adult_men","apparel","reference_library/apparel_men/REF-0211.jpg","fashion|streetwear|editorial|styled_outfit|colored_studio|editorial_lighting","pose|framing|styling|scene|lighting|color_palette|garment_silhouette","","f403b3f0e999a49f442ace5946025841.pdf"
"REF-0215","true","","apparel_women","adult_women","apparel","reference_library/apparel_women/REF-0215.jpg","fashion|pinterest_ready|editorial|styled_outfit|outdoor|natural_light","pose|framing|styling|scene|lighting|color_palette|garment_silhouette","","f82d8945de3a2ce55338f3e8d62038a4.pdf"
"REF-0216","true","","apparel_women","adult_women","apparel","reference_library/apparel_women/REF-0216.jpg","fashion|pinterest_ready|editorial|styled_outfit|studio_or_catalog","pose|framing|styling|scene|lighting|color_palette|garment_silhouette","","f9d853e6e52154516d7d92e27eb29595.pdf"
"REF-0218","true","","apparel_men","adult_men","apparel","reference_library/apparel_men/REF-0218.jpg","fashion|streetwear|editorial|styled_outfit|colored_studio|editorial_lighting","pose|framing|styling|scene|lighting|color_palette|garment_silhouette","","fd33ee9767a16f6b26e83cc533115520.pdf"
"REF-0219","true","","apparel_men","adult_men","apparel","reference_library/apparel_men/REF-0219.jpg","fashion|streetwear|editorial|styled_outfit|colored_studio|editorial_lighting","pose|framing|styling|scene|lighting|color_palette|garment_silhouette","","fe1797f9a6eab4283df58dccebbddea2.pdf"
"REF-0221","true","","apparel_men","adult_men","apparel","reference_library/apparel_men/REF-0221.jpg","fashion|streetwear|editorial|styled_outfit|colored_studio|editorial_lighting","pose|framing|styling|scene|lighting|color_palette|garment_silhouette","","ff964a043a4be32f64dda9b850518c8f.pdf"
"PLANNER-REF-01","true","","digital_product_device_mockups","","digital_product_device","reference_library/digital_product_device_mockups/PLANNER-REF-01.png","tablet|digital_product|planner_listing|portrait_layout|pastel_tabs|vertical_tablet","device_scene|screen_mockup_composition|planner_listing_composition|workspace_styling|lighting|palette","use_visual_language_only_no_logos_or_text","user-provided planner-listing reference screenshot"
"PLANNER-REF-02","true","","digital_product_device_mockups","","digital_product_device","reference_library/digital_product_device_mockups/PLANNER-REF-02.png","tablet|digital_product|planner_listing|hand_with_stylus|closeup|portrait_layout","device_scene|screen_mockup_composition|planner_listing_composition|workspace_styling|lighting|palette","use_visual_language_only_no_logos_or_text","user-provided planner-listing reference screenshot"
"PLANNER-REF-03","true","","digital_product_device_mockups","","digital_product_device","reference_library/digital_product_device_mockups/PLANNER-REF-03.png","tablet|digital_product|planner_listing|multi_device|open_spread|pastel_tabs","device_scene|screen_mockup_composition|planner_listing_composition|workspace_styling|lighting|palette","use_visual_language_only_no_logos_or_text","user-provided planner-listing reference screenshot"
"PLANNER-REF-04","true","","digital_product_device_mockups","","digital_product_device","reference_library/digital_product_device_mockups/PLANNER-REF-04.png","tablet|digital_product|planner_listing|multi_tablet|minimal_pink|portrait_layout","device_scene|screen_mockup_composition|planner_listing_composition|workspace_styling|lighting|palette","use_visual_language_only_no_logos_or_text","user-provided planner-listing reference screenshot"
"PLANNER-REF-05","true","","digital_product_device_mockups","","digital_product_device","reference_library/digital_product_device_mockups/PLANNER-REF-05.png","tablet|digital_product|planner_listing|cover_and_open_spread|editorial_palette|red_cherry","device_scene|screen_mockup_composition|planner_listing_composition|workspace_styling|lighting|palette","use_visual_language_only_no_logos_or_text","user-provided planner-listing reference screenshot"
"PLANNER-REF-06","true","","digital_product_device_mockups","","digital_product_device","reference_library/digital_product_device_mockups/PLANNER-REF-06.png","tablet|digital_product|planner_listing|two_tablets|minimal_pink|calendar_page","device_scene|screen_mockup_composition|planner_listing_composition|workspace_styling|lighting|palette","use_visual_language_only_no_logos_or_text","user-provided planner-listing reference screenshot"
"PLANNER-REF-07","true","","digital_product_device_mockups","","digital_product_device","reference_library/digital_product_device_mockups/PLANNER-REF-07.png","tablet|digital_product|planner_listing|open_spread|hands|neutral_aesthetic","device_scene|screen_mockup_composition|planner_listing_composition|workspace_styling|lighting|palette","use_visual_language_only_no_logos_or_text","user-provided planner-listing reference screenshot"
"PLANNER-REF-08","true","","digital_product_device_mockups","","digital_product_device","reference_library/digital_product_device_mockups/PLANNER-REF-08.png","tablet|digital_product|planner_listing|two_device_layout|minimal_editorial|pink_neutral","device_scene|screen_mockup_composition|planner_listing_composition|workspace_styling|lighting|palette","use_visual_language_only_no_logos_or_text","user-provided planner-listing reference screenshot"
"PLANNER-REF-09","true","","digital_product_device_mockups","","digital_product_device","reference_library/digital_product_device_mockups/PLANNER-REF-09.png","tablet|digital_product|planner_listing|portrait_layout|pastel_tabs|dark_mode_planner","device_scene|screen_mockup_composition|planner_listing_composition|workspace_styling|lighting|palette","use_visual_language_only_no_logos_or_text","user-provided planner-listing reference screenshot"
"PLANNER-REF-10","true","","digital_product_device_mockups","","digital_product_device","reference_library/digital_product_device_mockups/PLANNER-REF-10.png","tablet|digital_product|planner_listing|cover_and_open_spread|styled_props|pastel_editorial","device_scene|screen_mockup_composition|planner_listing_composition|workspace_styling|lighting|palette","use_visual_language_only_no_logos_or_text","user-provided planner-listing reference screenshot"
"PLANNER-REF-11","true","","digital_product_device_mockups","","digital_product_device","reference_library/digital_product_device_mockups/PLANNER-REF-11.png","tablet|digital_product|planner_listing|cover_and_stickers|multi_device|soft_textures","device_scene|screen_mockup_composition|planner_listing_composition|workspace_styling|lighting|palette","use_visual_language_only_no_logos_or_text","user-provided planner-listing reference screenshot"
"PLANNER-REF-12","true","","digital_product_device_mockups","","digital_product_device","reference_library/digital_product_device_mockups/PLANNER-REF-12.png","tablet|digital_product|planner_listing|cover_and_daily_page|illustrated_cover|warm_neutral","device_scene|screen_mockup_composition|planner_listing_composition|workspace_styling|lighting|palette","use_visual_language_only_no_logos_or_text","user-provided planner-listing reference screenshot"
"PLANNER-REF-13","true","","digital_product_device_mockups","","digital_product_device","reference_library/digital_product_device_mockups/PLANNER-REF-13.png","tablet|digital_product|planner_listing|cover_hero|minimal_luxury|neutral_palette","device_scene|screen_mockup_composition|planner_listing_composition|workspace_styling|lighting|palette","use_visual_language_only_no_logos_or_text","user-provided planner-listing reference screenshot"
"PLANNER-REF-14","true","","digital_product_device_mockups","","digital_product_device","reference_library/digital_product_device_mockups/PLANNER-REF-14.png","tablet|digital_product|planner_listing|cover_and_open_spread|cute_pastel|brown_pink_palette","device_scene|screen_mockup_composition|planner_listing_composition|workspace_styling|lighting|palette","use_visual_language_only_no_logos_or_text","user-provided planner-listing reference screenshot"
